coid	log_file	submit_ts	side	limit_px_band_ge0.90	posted	outcome	classified_ts	hpost_s	fill_ts	commission_usd	resolution_ts	resolution_reason	resolution_latency_s
O-20260905-201949-L001-SFO-1	20260905T195100Z	2026-09-05T20:19:49.006076916Z	YES	lt90	Y	AMBIGUOUS	2026-09-05T20:19:54.213318258Z	5.207			NONE_IN_LOGS		
O-20260911-202029-L001-SFO-1	20260911T165022Z	2026-09-11T20:20:29.332855106Z	YES	lt90	Y	AMBIGUOUS	2026-09-11T20:20:29.567338789Z	0.234			NONE_IN_LOGS		
O-20260913-170346-L001-MIA-1	20260913T165011Z	2026-09-13T17:03:46.646320858Z	YES	lt90	Y	AMBIGUOUS	2026-09-13T17:03:46.799078633Z	0.153	2026-09-13T17:03:49.830660777Z	0.00	2026-09-13T17:03:49.829845367Z	ACCEPT_FILL_TERMINAL	3.2
O-20260915-180004-L001-MDW-1	20260915T165059Z	2026-09-15T18:00:04.231386754Z	YES	lt90	Y	FILL	2026-09-15T18:00:04.403520616Z	0.172	2026-09-15T18:00:04.428714460Z	0.01	NONE_IN_LOGS		
O-20260915-181219-L001-MIA-1	20260915T165059Z	2026-09-15T18:12:19.169691799Z	NO	lt90	Y	FILL	2026-09-15T18:12:19.300867383Z	0.131	2026-09-15T18:12:19.321020529Z	0.00	NONE_IN_LOGS		
O-20260915-182333-L001-MDW-2	20260915T165059Z	2026-09-15T18:23:33.590200293Z	YES	lt90	Y	FILL	2026-09-15T18:23:33.784216519Z	0.194	2026-09-15T18:23:33.803933369Z	0.01	NONE_IN_LOGS		
O-20260915-201206-L001-SFO-1	20260915T165059Z	2026-09-15T20:12:06.097705393Z	YES	lt90	Y	FILL	2026-09-15T20:12:06.278015524Z	0.180	2026-09-15T20:12:06.298224254Z	0.01	NONE_IN_LOGS		
O-20260921-191836-L001-MIA-1	20260921T165055Z	2026-09-21T19:18:36.131898994Z	NO	lt90	Y	FILL	2026-09-21T19:18:36.392407709Z	0.261	2026-09-21T19:18:36.411737786Z	0.01	NONE_IN_LOGS		
O-20260921-202135-L001-SFO-1	20260921T165055Z	2026-09-21T20:21:35.682921421Z	YES	lt90	Y	FILL	2026-09-21T20:21:35.861344653Z	0.178	2026-09-21T20:21:35.880034179Z	0.02	NONE_IN_LOGS		
O-20260922-180001-L001-MDW-1	20260922T165020Z	2026-09-22T18:00:01.668566455Z	NO	lt90	Y	FILL	2026-09-22T18:00:01.845649429Z	0.177	2026-09-22T18:00:01.862753459Z	0.01	NONE_IN_LOGS		
O-20260923-172207-L001-MIA-1	20260923T165046Z	2026-09-23T17:22:07.687599456Z	YES	lt90	Y	AMBIGUOUS	2026-09-23T17:22:07.907638716Z	0.220			2026-09-24T20:15:51.560700245Z	ZERO_FILL_TERMINAL	96823.9
O-20261001-160205-L001-LAX-1	20261001T160158Z	2026-10-01T16:02:05.119129737Z	YES	lt90	Y	FILL	2026-10-01T16:02:05.272951359Z	0.154	2026-10-01T16:02:05.294477227Z	0.01	NONE_IN_LOGS		
O-20261001-160206-L001-LAX-2	20261001T160158Z	2026-10-01T16:02:06.336909414Z	YES	lt90	Y	FILL	2026-10-01T16:02:06.459518958Z	0.123	2026-10-01T16:02:06.489018669Z	0.01	NONE_IN_LOGS		
O-20261001-160207-L001-MDW-1	20261001T160158Z	2026-10-01T16:02:07.209749743Z	YES	lt90	Y	FILL	2026-10-01T16:02:07.331524977Z	0.122	2026-10-01T16:02:07.352202101Z	0.00	NONE_IN_LOGS		
O-20261001-160208-L001-MDW-2	20261001T160158Z	2026-10-01T16:02:08.311331769Z	YES	lt90	Y	FILL	2026-10-01T16:02:08.436116025Z	0.125	2026-10-01T16:02:08.461833280Z	0.00	NONE_IN_LOGS		
O-20261001-171533-L001-MDW-1	20261001T165011Z	2026-10-01T17:15:33.644132589Z	YES	lt90	Y	FILL	2026-10-01T17:15:33.823347974Z	0.179	2026-10-01T17:15:33.869458283Z	0.01	NONE_IN_LOGS		
O-20261001-180343-L001-SFO-1	20261001T165011Z	2026-10-01T18:03:43.484797117Z	YES	lt90	Y	AMBIGUOUS	2026-10-01T18:03:43.636505689Z	0.152			2026-10-01T18:06:07.016186308Z	ZERO_FILL_TERMINAL	143.5
O-20261002-165047-L001-MIA-1	20261002T165039Z	2026-10-02T16:50:47.044510252Z	YES	lt90	Y	FILL	2026-10-02T16:50:47.189240911Z	0.145	2026-10-02T16:50:47.216023392Z	0.02	NONE_IN_LOGS		
O-20261002-165047-L001-LAX-1	20261002T165039Z	2026-10-02T16:50:47.596196787Z	YES	lt90	Y	FILL	2026-10-02T16:50:47.713325539Z	0.117	2026-10-02T16:50:47.745339836Z	0.00	NONE_IN_LOGS		
O-20261002-165047-L001-MDW-1	20261002T165039Z	2026-10-02T16:50:47.963590332Z	YES	lt90	Y	AMBIGUOUS	2026-10-02T16:50:48.085463037Z	0.122			2026-10-02T16:52:54.050719964Z	ZERO_FILL_TERMINAL	126.1
O-20261002-173806-L001-SFO-1	20261002T165039Z	2026-10-02T17:38:06.752648742Z	YES	lt90	N	DENIED_PRE_POST							
O-20261002-202032-L001-LAX-1	20261002T200526Z	2026-10-02T20:20:32.925682403Z	YES	lt90	Y	FILL	2026-10-02T20:20:33.098682197Z	0.173	2026-10-02T20:20:33.123853693Z	0.01	NONE_IN_LOGS		
O-20261002-210116-L001-SFO-1	20261002T205521Z	2026-10-02T21:01:16.786672690Z	YES	lt90	Y	FILL	2026-10-02T21:01:16.970002580Z	0.183	2026-10-02T21:01:16.993309658Z	0.00	NONE_IN_LOGS		
O-20261003-010452-L001-SFO-2	20261002T205521Z	2026-10-03T01:04:52.781124971Z	YES	lt90	Y	FILL	2026-10-03T01:04:52.955158801Z	0.174	2026-10-03T01:04:52.992618212Z	0.01	NONE_IN_LOGS		
O-20261003-021031-L001-MIA-1	20261002T205521Z	2026-10-03T02:10:31.088932675Z	YES	lt90	Y	FILL	2026-10-03T02:10:31.381235538Z	0.292	2026-10-03T02:10:31.409294216Z	0.01	NONE_IN_LOGS		
O-20261003-165052-L001-LAX-1	20261003T165045Z	2026-10-03T16:50:52.271737161Z	YES	lt90	Y	FILL	2026-10-03T16:50:52.460739092Z	0.189	2026-10-03T16:50:52.484660929Z	0.01	NONE_IN_LOGS		
O-20261003-165052-L001-LAX-2	20261003T165045Z	2026-10-03T16:50:52.282186536Z	YES	lt90	N	DENIED_PRE_POST							
O-20261003-165200-L001-MDW-1	20261003T165045Z	2026-10-03T16:52:00.607151266Z	YES	lt90	Y	FILL	2026-10-03T16:52:01.018267737Z	0.411	2026-10-03T16:52:01.063273001Z	0.01	NONE_IN_LOGS		
O-20261003-165200-L001-MDW-2	20261003T165045Z	2026-10-03T16:52:00.646737903Z	YES	lt90	N	DENIED_PRE_POST							
O-20261003-165500-L001-SFO-1	20261003T165045Z	2026-10-03T16:55:00.880685568Z	YES	lt90	Y	FILL	2026-10-03T16:55:00.991144763Z	0.110	2026-10-03T16:55:01.012676923Z	0.01	NONE_IN_LOGS		
O-20261003-173436-L001-MIA-1	20261003T165045Z	2026-10-03T17:34:36.560558771Z	YES	lt90	Y	AMBIGUOUS	2026-10-03T17:34:36.724933739Z	0.164			2026-10-03T17:36:41.912390308Z	ZERO_FILL_TERMINAL	125.4
O-20261003-181732-L001-LAX-3	20261003T165045Z	2026-10-03T18:17:32.576355317Z	YES	lt90	Y	FILL	2026-10-03T18:17:32.745733485Z	0.169	2026-10-03T18:17:32.775813772Z	0.01	NONE_IN_LOGS		
O-20261004-165019-L001-MIA-1	20261004T165012Z	2026-10-04T16:50:19.854187926Z	YES	lt90	Y	FILL	2026-10-04T16:50:20.016285843Z	0.162	2026-10-04T16:50:20.047466433Z	0.02	NONE_IN_LOGS		
O-20261004-165030-L001-MDW-1	20261004T165012Z	2026-10-04T16:50:30.597867871Z	YES	lt90	Y	FILL	2026-10-04T16:50:30.717721714Z	0.120	2026-10-04T16:50:30.741513448Z	0.00	NONE_IN_LOGS		
O-20261004-165033-L001-MDW-2	20261004T165012Z	2026-10-04T16:50:33.281720772Z	YES	lt90	Y	FILL	2026-10-04T16:50:33.382115904Z	0.100	2026-10-04T16:50:33.406862725Z	0.00	NONE_IN_LOGS		
O-20261004-165103-L001-LAX-1	20261004T165012Z	2026-10-04T16:51:03.612191252Z	YES	lt90	Y	FILL	2026-10-04T16:51:03.719767555Z	0.108	2026-10-04T16:51:03.744523743Z	0.02	NONE_IN_LOGS		
O-20261004-202023-L001-MIA-2	20261004T165012Z	2026-10-04T20:20:23.291967376Z	YES	lt90	Y	FILL	2026-10-04T20:20:23.453238618Z	0.161	2026-10-04T20:20:23.483963496Z	0.01	NONE_IN_LOGS		
O-20261005-165050-L001-SFO-1	20261005T165040Z	2026-10-05T16:50:50.833604659Z	YES	lt90	Y	FILL	2026-10-05T16:50:51.038299507Z	0.205	2026-10-05T16:50:51.063657381Z	0.01	NONE_IN_LOGS		
O-20261005-165100-L001-MDW-1	20261005T165040Z	2026-10-05T16:51:00.461328024Z	YES	lt90	Y	FILL	2026-10-05T16:51:00.578093351Z	0.117	2026-10-05T16:51:00.600038683Z	0.00	NONE_IN_LOGS		
O-20261005-165115-L001-MDW-2	20261005T165040Z	2026-10-05T16:51:15.531042217Z	YES	lt90	Y	FILL	2026-10-05T16:51:15.762542403Z	0.232	2026-10-05T16:51:15.793044503Z	0.00	NONE_IN_LOGS		
O-20261005-165119-L001-LAX-1	20261005T165040Z	2026-10-05T16:51:19.269695775Z	YES	lt90	Y	FILL	2026-10-05T16:51:19.397743916Z	0.128	2026-10-05T16:51:19.427091045Z	0.01	NONE_IN_LOGS		
O-20261005-193102-L001-SFO-2	20261005T165040Z	2026-10-05T19:31:02.913521649Z	YES	lt90	Y	FILL	2026-10-05T19:31:03.176548353Z	0.263	2026-10-05T19:31:03.221445656Z	0.01	NONE_IN_LOGS		
O-20261006-003224-L001-SFO-3	20261005T165040Z	2026-10-06T00:32:24.940290235Z	YES	lt90	N	DENIED_PRE_POST							
