ordinal	requested_at_utc	label	url	status	bytes	content_type	outcome	sha256
1	2026-08-31T00:58:49+00:00	discovery_regular_forecast_endpoint_daily	https://api.open-meteo.com/v1/forecast?daily=temperature_2m_max%2Ctemperature_2m_max_previous_day1&forecast_days=3&latitude=40.78333&longitude=-73.96667&timezone=UTC	400	171	application/json; charset=utf-8	http_400	dbf944daf41039e647ce4cd62524c27d8fb888011e9281894ee5b843f696c0fe
2	2026-08-31T00:58:51+00:00	discovery_regular_forecast_endpoint_hourly	https://api.open-meteo.com/v1/forecast?forecast_days=3&hourly=temperature_2m%2Ctemperature_2m_previous_day1&latitude=40.78333&longitude=-73.96667&timezone=UTC	200	2423	application/json; charset=utf-8	ok	b53b3c1b46d5d24a1fde42e86a0e3178e7195131f8fe8d2e66d70f5db2d3ac32
3	2026-08-31T00:58:52+00:00	discovery_dedicated_previous_runs_host_daily	https://previous-runs-api.open-meteo.com/v1/forecast?daily=temperature_2m_max%2Ctemperature_2m_max_previous_day1&forecast_days=3&latitude=40.78333&longitude=-73.96667&timezone=UTC	400	171	application/json; charset=utf-8	http_400	dbf944daf41039e647ce4cd62524c27d8fb888011e9281894ee5b843f696c0fe
4	2026-08-31T00:58:54+00:00	discovery_dedicated_previous_runs_host_hourly	https://previous-runs-api.open-meteo.com/v1/forecast?forecast_days=3&hourly=temperature_2m%2Ctemperature_2m_previous_day1&latitude=40.78333&longitude=-73.96667&timezone=UTC	200	2422	application/json; charset=utf-8	ok	5b02e2272ef1bfc81d189e7f4f3b71c4face60d1cf1c84529575b372eeea57a6
5	2026-08-31T00:58:54+00:00	q2_previous_day_ladder	https://previous-runs-api.open-meteo.com/v1/forecast?hourly=temperature_2m%2Ctemperature_2m_previous_day1%2Ctemperature_2m_previous_day2%2Ctemperature_2m_previous_day3%2Ctemperature_2m_previous_day4%2Ctemperature_2m_previous_day5%2Ctemperature_2m_previous_day6%2Ctemperature_2m_previous_day7&latitude=40.78333&longitude=-73.96667&timezone=UTC	200	10666	application/json; charset=utf-8	ok	32d86cb189577a59e67d6161a44a842168c5c6ad6bd6025f2ba9d697f81320a3
6	2026-08-31T00:58:56+00:00	q2_previous_day_boundary_probe	https://previous-runs-api.open-meteo.com/v1/forecast?hourly=temperature_2m_previous_day8&latitude=40.78333&longitude=-73.96667&timezone=UTC	200	4326	application/json; charset=utf-8	ok	31aa0c5ca2e1df5799cdf15b9e1996f17ad3b69727c795a10e4b65f10f97e7e5
7	2026-08-31T00:58:57+00:00	q2_other_surface_variable_naming	https://previous-runs-api.open-meteo.com/v1/forecast?daily=temperature_2m_max%2Ctemperature_2m_max_previous_day1&forecast_days=2&latitude=40.78333&longitude=-73.96667&timezone=UTC	400	171	application/json; charset=utf-8	http_400	dbf944daf41039e647ce4cd62524c27d8fb888011e9281894ee5b843f696c0fe
8	2026-08-31T00:58:59+00:00	q3_archive_depth_2024	https://previous-runs-api.open-meteo.com/v1/forecast?end_date=2024-01-07&hourly=temperature_2m%2Ctemperature_2m_previous_day1&latitude=40.78333&longitude=-73.96667&start_date=2024-01-01&timezone=UTC	200	5081	application/json; charset=utf-8	ok	78c4f5cff88c2bc227b0cdc6e2d6b7ae0f3e9f3b117cf23fb250f00e037bfc34
9	2026-08-31T00:59:01+00:00	q3_archive_depth_2022	https://previous-runs-api.open-meteo.com/v1/forecast?end_date=2022-01-07&hourly=temperature_2m%2Ctemperature_2m_previous_day1&latitude=40.78333&longitude=-73.96667&start_date=2022-01-01&timezone=UTC	200	5058	application/json; charset=utf-8	ok	c263217750e8c426ccfd476868e7daf2b235cfe912dbfe01502486a53991e4ea
10	2026-08-31T00:59:02+00:00	q3_archive_depth_2019	https://previous-runs-api.open-meteo.com/v1/forecast?end_date=2019-01-07&hourly=temperature_2m%2Ctemperature_2m_previous_day1&latitude=40.78333&longitude=-73.96667&start_date=2019-01-01&timezone=UTC	200	5079	application/json; charset=utf-8	ok	7cfed1377bd8438b4e3e3103a8adec7a6517bb76584920eee1eb5581cb6ea09b
11	2026-08-31T00:59:04+00:00	q4_anchor_daily_window	https://previous-runs-api.open-meteo.com/v1/forecast?end_date=2026-08-29&hourly=temperature_2m%2Ctemperature_2m_previous_day1%2Ctemperature_2m_previous_day2%2Ctemperature_2m_previous_day3%2Ctemperature_2m_previous_day4%2Ctemperature_2m_previous_day5&latitude=40.78333&longitude=-73.96667&start_date=2026-08-23&timezone=UTC	200	8846	application/json; charset=utf-8	ok	c7045e87ee38803860c1c7165927f2c84fdbc919ddfa0bca780b130b83e4af0d
12	2026-08-31T00:59:05+00:00	q4_anchor_single_day_control	https://previous-runs-api.open-meteo.com/v1/forecast?end_date=2026-08-29&hourly=temperature_2m%2Ctemperature_2m_previous_day1%2Ctemperature_2m_previous_day2%2Ctemperature_2m_previous_day3%2Ctemperature_2m_previous_day4%2Ctemperature_2m_previous_day5&latitude=40.78333&longitude=-73.96667&start_date=2026-08-29&timezone=UTC	200	1791	application/json; charset=utf-8	ok	a44a0e1ff955f7693ece7837f6a0b84a85b74fca1878691a8a5d6f14f60a3e25
13	2026-08-31T00:59:07+00:00	q4_anchor_second_site	https://previous-runs-api.open-meteo.com/v1/forecast?end_date=2026-08-29&hourly=temperature_2m%2Ctemperature_2m_previous_day1%2Ctemperature_2m_previous_day2%2Ctemperature_2m_previous_day3%2Ctemperature_2m_previous_day4%2Ctemperature_2m_previous_day5&latitude=37.61961&longitude=-122.36558&start_date=2026-08-23&timezone=UTC	200	8848	application/json; charset=utf-8	ok	959959f44ae83efe588f95ddd5477a29a73c75c0cd3f52a10dbfd6c6858c8e70
14	2026-08-31T00:59:08+00:00	q5_publication_lag_today	https://previous-runs-api.open-meteo.com/v1/forecast?forecast_days=2&hourly=temperature_2m%2Ctemperature_2m_previous_day1&latitude=40.78333&longitude=-73.96667&past_days=1&timezone=UTC	200	2422	application/json; charset=utf-8	ok	47be003d3e6f4c8e96de9b803d0e8710b604a753e9528e5c0e41664fdd8b7d40
15	2026-08-31T00:59:10+00:00	q5_publication_lag_yesterday	https://previous-runs-api.open-meteo.com/v1/forecast?end_date=2026-08-31&hourly=temperature_2m%2Ctemperature_2m_previous_day1&latitude=40.78333&longitude=-73.96667&start_date=2026-08-30&timezone=UTC	200	1727	application/json; charset=utf-8	ok	e18c993c32b7969add402001d13416823c8b7d97b11f2acbb4435401ba17ebf7
16	2026-08-31T00:59:11+00:00	q6_restatement_key_capture	https://previous-runs-api.open-meteo.com/v1/forecast?end_date=2026-08-29&hourly=temperature_2m%2Ctemperature_2m_previous_day1%2Ctemperature_2m_previous_day2%2Ctemperature_2m_previous_day3&latitude=40.78333&longitude=-73.96667&models=best_match&start_date=2026-08-23&timezone=UTC	200	7026	application/json; charset=utf-8	ok	f87a5d3fcb2346cf5845687317c5a5cd67eeedca37b980c047404952dc1b3116
17	2026-08-31T00:59:13+00:00	q6_restatement_key_capture_older	https://previous-runs-api.open-meteo.com/v1/forecast?end_date=2025-01-12&hourly=temperature_2m%2Ctemperature_2m_previous_day1%2Ctemperature_2m_previous_day2%2Ctemperature_2m_previous_day3&latitude=40.78333&longitude=-73.96667&models=best_match&start_date=2025-01-06&timezone=UTC	200	6927	application/json; charset=utf-8	ok	a2b50569b2c1fb8bcc96486618b85b93d9a5590fcb6899a82cb929319d09f15e
18	2026-08-31T00:59:15+00:00	q7_model_best_match	https://previous-runs-api.open-meteo.com/v1/forecast?end_date=2026-08-29&hourly=temperature_2m%2Ctemperature_2m_previous_day1&latitude=40.78333&longitude=-73.96667&models=best_match&start_date=2026-08-29&timezone=UTC	200	1031	application/json; charset=utf-8	ok	3923fcdf2547aace17d45ca603b0bc547725e00b9bfc3b6016b52e4d3e179495
19	2026-08-31T00:59:16+00:00	q7_model_ecmwf_ifs025	https://previous-runs-api.open-meteo.com/v1/forecast?end_date=2026-08-29&hourly=temperature_2m%2Ctemperature_2m_previous_day1&latitude=40.78333&longitude=-73.96667&models=ecmwf_ifs025&start_date=2026-08-29&timezone=UTC	200	1023	application/json; charset=utf-8	ok	978519842bda725502a249d69e9739dad02e5fcf63c1db5ef3c9fd08b5caf599
20	2026-08-31T00:59:18+00:00	q7_model_gfs_seamless	https://previous-runs-api.open-meteo.com/v1/forecast?end_date=2026-08-29&hourly=temperature_2m%2Ctemperature_2m_previous_day1&latitude=40.78333&longitude=-73.96667&models=gfs_seamless&start_date=2026-08-29&timezone=UTC	200	1031	application/json; charset=utf-8	ok	e5e1f5df7cde7218756389e4640d5d77383b975ba60de2d8738975fca811744c
21	2026-08-31T00:59:19+00:00	q7_model_icon_seamless	https://previous-runs-api.open-meteo.com/v1/forecast?end_date=2026-08-29&hourly=temperature_2m%2Ctemperature_2m_previous_day1&latitude=40.78333&longitude=-73.96667&models=icon_seamless&start_date=2026-08-29&timezone=UTC	200	1024	application/json; charset=utf-8	ok	47f778959045379ab681f766f8817037a8801aeec1d29cd48d63075a7ad5f06a
22	2026-08-31T00:59:21+00:00	q7_model_meteofrance_seamless	https://previous-runs-api.open-meteo.com/v1/forecast?end_date=2026-08-29&hourly=temperature_2m%2Ctemperature_2m_previous_day1&latitude=40.78333&longitude=-73.96667&models=meteofrance_seamless&start_date=2026-08-29&timezone=UTC	200	1024	application/json; charset=utf-8	ok	0f7ec73e24a4492be073ab22f8d233d77fb4a7a19e5be9f00d2bb1497578f239
23	2026-08-31T00:59:22+00:00	q8_licence_and_terms_capture	https://previous-runs-api.open-meteo.com/v1/forecast?forecast_days=1&hourly=temperature_2m%2Ctemperature_2m_previous_day1&latitude=40.78333&longitude=-73.96667&timezone=UTC	200	1031	application/json; charset=utf-8	ok	5271379e5a4b914e374629ebd6377fd25e1f367e4a59443b97461a8b3e0bf135
24	2026-08-31T00:59:24+00:00	q9_largest_plausible_payload	https://previous-runs-api.open-meteo.com/v1/forecast?end_date=2026-08-29&hourly=temperature_2m%2Ctemperature_2m_previous_day1%2Ctemperature_2m_previous_day2%2Ctemperature_2m_previous_day3&latitude=40.78333&longitude=-73.96667&start_date=2026-08-23&timezone=UTC	200	7026	application/json; charset=utf-8	ok	7e04ba5beed2f51c971a5a27b25f0b0f8f22c0a7c74e51d7ff312b35b78a983c
